review,sentiment
"Inception is absolutely amazing! The concept is mind-blowing and the visual effects are stunning. Christopher Nolan has created a masterpiece that keeps you thinking long after the credits roll.",positive
"The Dark Knight is a brilliant film with outstanding performances. Heath Ledger's Joker is incredible and the story is perfectly crafted. One of the best superhero movies ever made.",positive
"Avatar was visually stunning but the story was predictable and clich√©. The special effects were good but the plot was boring and the characters were flat. Not worth the hype.",negative
"Pulp Fiction is a masterpiece of storytelling. The dialogue is sharp, the characters are memorable, and the non-linear narrative is executed perfectly. A true classic that never gets old.",positive
"Titanic was a waste of time. The love story was cheesy and the dialogue was terrible. The only good thing was the special effects, but that's not enough to save this boring movie.",negative
"The Matrix is a groundbreaking film that revolutionized action cinema. The concept is innovative, the action sequences are incredible, and the philosophical themes add depth. A true classic.",positive
"Forrest Gump is a beautiful and touching story. Tom Hanks delivers an outstanding performance, and the film perfectly captures the essence of American history. A masterpiece.",positive
"Interstellar is visually stunning and intellectually challenging. The science is fascinating, the performances are great, and the emotional core is powerful. Christopher Nolan at his best.",positive
"Avatar was a visual spectacle but lacked substance. The story was derivative and the characters were one-dimensional. The special effects couldn't make up for the weak plot.",negative
"The Dark Knight Rises was disappointing compared to its predecessor. The plot was convoluted, the pacing was off, and it didn't live up to the high expectations set by The Dark Knight.",negative 